language,text_id,split
krl,1639,train
krl,1642,train
krl,1644,dev
krl,1648,train
krl,1649,train
krl,1652,train
krl,1663,train
krl,1670,train
krl,1685,train
krl,1695,dev
krl,1712,test
krl,1735,dev
krl,1738,dev
krl,1743,train
krl,1751,dev
krl,1755,dev
krl,1773,train
krl,1774,train
krl,2038,dev
krl,2042,train
krl,2045,train
krl,2070,train
krl,2359,train
krl,2561,dev
krl,2573,train
krl,2584,test
krl,2893,train
krl,3016,train
krl,3090,train
krl,3103,train
krl,3129,train
krl,3148,train
krl,3187,train
krl,3191,train
krl,3193,dev
krl,3310,train
krl,3483,train
krl,3807,dev
krl,3808,train
krl,3818,train
krl,3819,train
krl,3878,test
krl,4216,train
krl,4221,dev
krl,4264,dev
krl,4276,train
krl,4277,test
krl,4278,train
krl,4279,train
krl,4324,train
krl,4335,train
krl,4370,train
krl,4388,train
krl,4389,train
krl,4449,train
krl,4884,train
krl,5024,dev
krl,5025,train
krl,5100,train
krl,5101,train
krl,5102,train
krl,5103,train
krl,5104,train
krl,5105,train
krl,5106,dev
krl,5107,train
krl,5108,train
krl,5109,train
krl,5111,train
krl,5112,train
krl,5113,train
krl,5115,train
krl,5116,train
krl,5117,train
krl,5118,train
krl,5119,test
krl,5123,train
krl,5124,train
krl,5125,train
krl,5126,train
krl,5185,train
krl,5199,train
krl,5200,train
krl,5201,train
krl,5202,dev
krl,5203,train
krl,5204,train
krl,5205,train
krl,5206,train
krl,5207,train
krl,5208,test
krl,5209,train
krl,5210,train
krl,5211,train
krl,5213,train
krl,5214,train
krl,5215,dev
krl,5216,train
krl,5217,train
krl,5218,test
krl,5219,train
krl,5220,train
krl,5221,train
krl,5222,train
krl,5223,dev
krl,5224,train
krl,5225,train
krl,5226,train
krl,5227,train
krl,5228,train
krl,5229,train
krl,5230,train
krl,5231,test
krl,5232,train
krl,5233,train
krl,5234,train
krl,5235,train
krl,5236,train
krl,5237,dev
krl,5238,train
krl,5239,train
krl,5240,dev
krl,5241,train
krl,5242,train
krl,5243,test
krl,5244,train
krl,5245,train
krl,5246,train
krl,5247,train
krl,5248,train
krl,5249,train
krl,5250,dev
krl,5251,train
krl,5252,test
krl,5253,train
krl,5254,test
krl,5255,dev
krl,5256,train
krl,5257,dev
krl,5258,train
krl,5259,dev
krl,5260,train
krl,5261,dev
krl,5262,train
krl,5263,train
krl,5264,train
krl,5265,train
krl,5266,train
krl,5270,train
krl,5271,train
krl,5272,train
krl,5273,train
krl,5274,train
krl,5275,test
krl,5276,train
krl,5277,train
krl,5278,train
krl,5279,dev
krl,5280,dev
krl,5281,train
krl,5282,train
krl,5283,test
krl,5284,dev
krl,5285,train
krl,5286,dev
krl,5288,train
krl,5289,train
krl,5290,train
krl,5291,dev
krl,5292,train
krl,5293,train
krl,5294,train
krl,5295,train
krl,5296,train
krl,5297,train
krl,5298,train
krl,5299,dev
krl,5301,test
krl,5302,train
krl,5303,train
krl,5304,train
krl,5305,train
krl,5306,train
krl,5307,train
krl,5308,train
krl,5309,train
krl,5310,train
krl,5311,train
krl,5316,train
krl,5358,train
krl,5494,dev
krl,5507,train
krl,5521,train
krl,5531,train
krl,5533,train
krl,5535,train
krl,5536,dev
krl,5537,train
krl,5539,test
krl,5541,train
krl,5747,train
krl,5757,train
krl,5762,dev
krl,5790,train
krl,5833,train
krl,5834,train
krl,5835,train
krl,5912,train
krl,5918,train
krl,6005,train
krl,6054,train
krl,6204,train
krl,6480,train
krl,6485,train
krl,6512,train
krl,6514,train
krl,6746,dev
krl,6761,train
krl,6853,train
krl,6854,train
krl,6855,train
krl,6856,train
krl,6859,train
krl,6860,train
krl,6877,train
krl,6884,train
krl,6897,train
krl,6899,train
krl,6931,dev
krl,6939,train
krl,7153,train
krl,7165,train
krl,7167,train
krl,7468,train
krl,7481,train
krl,7482,dev
krl,7892,train
krl,8101,train
krl,8102,train
krl,8103,train
krl,8105,dev
krl,9557,train
lud,1566,train
lud,1574,test
lud,1613,train
lud,1614,test
lud,1615,train
lud,1617,train
lud,1618,train
lud,1788,train
lud,1789,train
lud,1850,train
lud,1851,train
lud,1852,train
lud,1855,train
lud,1856,train
lud,1860,test
lud,1862,test
lud,1863,train
lud,1876,train
lud,1877,train
lud,1878,dev
lud,1880,dev
lud,1881,test
lud,1882,train
lud,1884,dev
lud,1885,train
lud,1981,train
lud,2016,train
lud,2017,train
lud,2018,train
lud,2160,dev
lud,2161,test
lud,2162,dev
lud,2163,train
lud,2165,test
lud,2166,train
lud,2168,train
lud,2169,dev
lud,2176,train
lud,2178,train
lud,2194,train
lud,2215,train
lud,2677,dev
lud,2681,dev
lud,2682,test
lud,2683,train
lud,2685,dev
lud,2984,dev
lud,2985,train
lud,2987,train
lud,2988,dev
lud,2996,train
lud,2997,train
lud,2998,train
lud,2999,test
lud,3000,train
lud,3009,train
lud,3010,train
lud,3011,train
lud,3012,train
lud,3013,train
lud,3025,dev
lud,3026,test
lud,3027,train
lud,3028,dev
lud,3029,train
lud,3030,train
lud,3031,train
lud,3032,train
lud,3033,train
lud,3034,train
lud,3056,dev
lud,3057,train
lud,3058,train
lud,3060,train
lud,3061,train
lud,3062,train
lud,3072,train
lud,3075,test
lud,3076,train
lud,3079,train
lud,3080,train
lud,3081,dev
lud,3083,dev
lud,3092,train
lud,3093,train
lud,3094,dev
lud,3095,dev
lud,3096,dev
lud,3108,train
lud,3109,train
lud,3110,dev
lud,3121,train
lud,3122,test
lud,3123,train
lud,3125,dev
lud,3126,dev
lud,3127,dev
lud,3128,test
lud,3249,train
lud,3260,train
lud,3284,train
lud,3311,train
lud,3312,train
lud,3313,train
lud,3314,train
lud,3315,train
lud,3316,dev
lud,3317,train
lud,3318,train
lud,3319,train
lud,3337,train
lud,3338,test
lud,3341,train
lud,3342,dev
lud,3343,test
lud,3344,train
lud,3359,train
lud,3360,train
lud,3855,train
lud,4095,dev
lud,4112,train
lud,4160,dev
lud,4191,train
lud,4217,train
lud,4222,train
lud,4223,train
lud,4224,test
lud,4225,train
lud,4226,train
lud,4227,train
lud,4257,test
lud,4273,train
lud,4280,train
lud,4419,train
lud,4776,train
lud,4777,dev
lud,4778,train
lud,4779,train
lud,4781,dev
lud,4810,dev
lud,5078,train
lud,5081,train
lud,5099,dev
lud,5267,train
lud,5397,train
lud,5517,train
lud,6032,train
lud,6135,train
lud,6627,train
lud,6628,train
lud,6629,dev
lud,6743,train
lud,6744,train
lud,6745,test
lud,6830,train
lud,7116,train
lud,7179,train
lud,7681,test
lud,8411,train
lud,8422,test
lud,8426,dev
lud,9110,train
lud,9399,train
olo,1416,train
olo,1494,train
olo,1498,train
olo,1503,dev
olo,1508,train
olo,1509,test
olo,1510,test
olo,1512,train
olo,1514,train
olo,1516,train
olo,1518,dev
olo,1519,dev
olo,1521,train
olo,1532,train
olo,1533,test
olo,1541,test
olo,1542,train
olo,1544,train
olo,1545,test
olo,1546,train
olo,1548,train
olo,1634,train
olo,1640,test
olo,1651,train
olo,1700,test
olo,1771,dev
olo,1772,test
olo,1820,train
olo,1822,train
olo,1841,train
olo,2179,train
olo,2361,train
olo,2456,train
olo,2570,train
olo,2631,train
olo,3840,train
olo,4267,dev
olo,4268,train
olo,4269,test
olo,4270,train
olo,4271,train
olo,4272,test
olo,4346,train
olo,4347,train
olo,4349,train
olo,4363,test
olo,4364,train
olo,4405,train
olo,4408,test
olo,4409,train
olo,4465,train
olo,4692,test
olo,4963,dev
olo,5055,dev
olo,5056,train
olo,5057,train
olo,5062,train
olo,5063,train
olo,5065,dev
olo,5082,train
olo,5189,train
olo,5320,train
olo,5321,test
olo,5760,train
olo,5784,test
olo,5785,train
olo,5798,train
olo,5799,dev
olo,5801,dev
olo,5822,train
olo,5823,test
olo,5825,train
olo,5842,train
olo,5844,train
olo,5846,train
olo,6524,train
olo,6847,train
olo,6848,train
olo,6849,train
olo,6851,train
olo,6852,train
olo,7002,train
olo,7130,train
olo,7434,dev
olo,7435,train
olo,7436,train
olo,7451,train
olo,7898,train
olo,8273,train
olo,8523,test
olo,8539,dev
olo,9226,test
olo,9583,train
olo,9594,test
olo,9595,dev
olo,9596,train
olo,9668,train
olo,9833,train
olo,9848,train
olo,9866,train
olo,9897,test
olo,9898,dev
olo,9899,train
olo,9918,dev
olo,9919,train
olo,9920,train
olo,9924,train
olo,9925,train
olo,9955,train
olo,9956,test
olo,9961,train
olo,10000,train
olo,10001,train
olo,10002,train
olo,10004,train
olo,10005,train
olo,10006,train
olo,10007,train
olo,10008,train
vep,1,train
vep,2,train
vep,3,train
vep,4,test
vep,5,train
vep,7,train
vep,8,train
vep,9,train
vep,11,test
vep,13,test
vep,14,train
vep,15,train
vep,16,train
vep,17,train
vep,18,train
vep,22,train
vep,23,test
vep,27,train
vep,28,train
vep,29,dev
vep,30,train
vep,31,train
vep,32,train
vep,40,test
vep,46,train
vep,52,dev
vep,53,train
vep,54,train
vep,55,train
vep,56,dev
vep,57,train
vep,62,test
vep,63,test
vep,64,train
vep,65,train
vep,66,train
vep,67,train
vep,68,train
vep,70,train
vep,77,train
vep,83,train
vep,84,test
vep,86,train
vep,87,train
vep,88,train
vep,90,train
vep,91,test
vep,93,dev
vep,95,test
vep,96,train
vep,97,train
vep,98,train
vep,100,train
vep,101,train
vep,102,train
vep,103,train
vep,104,train
vep,105,train
vep,106,dev
vep,108,train
vep,109,train
vep,110,train
vep,116,train
vep,119,train
vep,120,train
vep,121,train
vep,125,dev
vep,127,train
vep,128,train
vep,129,train
vep,130,test
vep,133,train
vep,135,train
vep,136,train
vep,137,test
vep,140,test
vep,141,train
vep,142,train
vep,143,dev
vep,144,train
vep,145,train
vep,147,dev
vep,152,train
vep,153,train
vep,157,train
vep,159,train
vep,160,train
vep,161,dev
vep,163,test
vep,167,train
vep,168,train
vep,170,train
vep,172,train
vep,173,train
vep,174,train
vep,176,train
vep,177,train
vep,178,test
vep,179,test
vep,182,train
vep,185,test
vep,186,train
vep,191,train
vep,192,train
vep,194,train
vep,195,dev
vep,196,train
vep,199,train
vep,200,test
vep,201,dev
vep,203,dev
vep,206,train
vep,207,train
vep,208,train
vep,209,train
vep,210,train
vep,211,train
vep,212,train
vep,213,train
vep,214,train
vep,215,train
vep,216,train
vep,217,dev
vep,218,train
vep,219,train
vep,220,train
vep,221,test
vep,222,train
vep,223,train
vep,224,train
vep,225,train
vep,227,train
vep,230,train
vep,255,train
vep,645,train
vep,662,train
vep,725,train
vep,727,dev
vep,731,train
vep,733,train
vep,735,dev
vep,751,train
vep,763,train
vep,767,train
vep,769,dev
vep,771,train
vep,773,train
vep,784,train
vep,797,train
vep,801,train
vep,803,train
vep,805,train
vep,807,train
vep,809,train
vep,811,train
vep,813,train
vep,815,train
vep,817,train
vep,819,train
vep,821,dev
vep,823,train
vep,825,train
vep,827,test
vep,829,train
vep,831,dev
vep,833,test
vep,835,train
vep,847,train
vep,859,train
vep,867,train
vep,869,train
vep,871,train
vep,873,train
vep,877,train
vep,887,train
vep,889,train
vep,893,train
vep,895,test
vep,901,train
vep,1094,train
vep,1105,train
vep,1109,train
vep,1110,dev
vep,1111,train
vep,1112,train
vep,1113,train
vep,1114,train
vep,1172,test
vep,1179,train
vep,1180,train
vep,1216,train
vep,1218,train
vep,1227,train
vep,1248,train
vep,1285,train
vep,1289,train
vep,1300,train
vep,1337,train
vep,1381,train
vep,1408,train
vep,1439,train
vep,1446,dev
vep,1620,train
vep,1793,test
vep,1797,train
vep,1859,dev
vep,1868,train
vep,1875,train
vep,1905,dev
vep,1914,train
vep,1925,train
vep,2092,train
vep,2105,train
vep,2129,train
vep,2131,train
vep,2137,train
vep,2142,dev
vep,2144,train
vep,2146,test
vep,2148,train
vep,2152,train
vep,2158,train
vep,2506,train
vep,2599,train
vep,2601,train
vep,2614,train
vep,2618,train
vep,2624,test
vep,2642,train
vep,2790,train
vep,2801,train
vep,2804,train
vep,2808,dev
vep,2811,train
vep,2816,train
vep,2817,test
vep,2823,train
vep,2847,train
vep,2849,dev
vep,2850,train
vep,2851,train
vep,2852,train
vep,2856,train
vep,2875,train
vep,2876,train
vep,2883,dev
vep,2887,test
vep,2889,train
vep,2898,train
vep,2899,train
vep,2929,train
vep,2962,train
vep,3003,train
vep,3168,test
vep,3173,train
vep,3301,train
vep,3302,train
vep,3376,train
vep,3377,dev
vep,4253,train
vep,4254,train
vep,4258,train
vep,4260,train
vep,4381,train
vep,4382,train
vep,4473,train
vep,4474,test
vep,4475,train
vep,4476,train
vep,4611,train
vep,4765,dev
vep,5114,train
vep,5438,train
vep,5624,train
vep,5639,train
vep,5657,train
vep,5687,dev
vep,5786,train
vep,5787,train
vep,5788,train
vep,5789,train
vep,5961,train
vep,5964,dev
vep,5971,train
vep,6134,train
vep,6136,train
vep,6137,train
vep,6190,train
vep,6192,train
vep,6208,train
vep,6639,train
vep,6647,test
vep,6878,train
vep,7052,test
vep,7059,train
vep,7060,train
vep,7113,train
vep,7166,dev
vep,7206,dev
vep,7459,train
vep,7501,train
vep,7514,train
vep,7680,dev
vep,7690,test
vep,7827,train
vep,7846,test
vep,8038,train
vep,8555,train
vep,8596,train
vep,8597,dev
vep,8598,dev
vep,8599,train
vep,8600,train
vep,8731,train
vep,8751,train
vep,8767,train
vep,8826,train
vep,8843,train
vep,8928,train
vep,8942,train
vep,8943,train
vep,8944,train
vep,8945,dev
vep,8946,train
vep,8969,train
vep,8970,train
vep,8971,train
vep,8972,train
vep,8973,train
vep,8974,dev
vep,8975,train
vep,8976,train
vep,9184,train
vep,9185,train
vep,9186,train
vep,9187,train
vep,9397,train
vep,9398,train
vep,9850,train
vep,9851,train
vep,9852,train
vep,9863,train
vep,9882,dev
